{"vegas": {"1": {"1": {"delay": 67.869, "loss": 0.0020245936908781514, "tput": 49.20131262411078}, "all": {"delay": 67.869, "loss": 0.0020245936908781514, "tput": 49.20131262411078}}}, "bbr": {"1": {"1": {"delay": 210.151, "loss": 0.0026692273941590905, "tput": 49.22404979160481}, "all": {"delay": 210.151, "loss": 0.0026692273941590905, "tput": 49.22404979160481}}}, "cubic": {"1": {"1": {"delay": 49.673, "loss": 0.002124045215277426, "tput": 49.14841843308128}, "all": {"delay": 49.673, "loss": 0.002124045215277426, "tput": 49.14841843308128}}}}