{"vegas": {"1": {"all": {"delay": 6234.0, "loss": 0.0, "tput": 0.00022820571428571428}}}, "bbr": {"1": {"all": {"delay": 6000.0, "loss": 0.0, "tput": 0.00022820571428571428}}}, "cubic": {"1": {"all": {"delay": 6237.0, "loss": 0.0, "tput": 0.000208}}}}