{"vegas": {"1": {"1": {"delay": 17435.471, "loss": 0.25550368753970665, "tput": 0.9942543235916758}, "all": {"delay": 17435.471, "loss": 0.25550368753970665, "tput": 0.9942543235916758}}}, "bbr": {"1": {"1": {"delay": 17416.57, "loss": 0.2327934479288346, "tput": 0.9942194623209997}, "all": {"delay": 17416.57, "loss": 0.2327934479288346, "tput": 0.9942194623209997}}}, "cubic": {"1": {"1": {"delay": 17439.089, "loss": 0.25527692368645694, "tput": 0.9942943999335314}, "all": {"delay": 17439.089, "loss": 0.25527692368645694, "tput": 0.9942943999335314}}}}